beacon;mean;sigma
10;5.68316192977857;7.03996050737199
8;5.68316192977857;7.03996050737199
6;5.68316192977857;7.03996050737199
4;5.68316192977857;7.03996050737199
2;5.68316192977857;7.03996050737199
