mean;sigma;w_error;w_sigma
2.287690236631;2.96535375038029;2.28725144874921;2.9719357890186
