scenario;mean;sigma;w_mean;w_sigma
1;2.19377356898968;3.13390289915844;2.17489806727516;3.13108268160581
2;1.94113655916757;2.5166025875203;1.95020955418726;2.52699832452557
3;2.72816058173577;3.7071096255403;2.73664672478521;3.72031835258244
