mean;sigma;w_mean;w_sigma;beacon
3.37711678621302;4.04257278177622;3.33466352690391;3.98594657634038;10
3.17860124864354;3.93881190021737;3.14191485729721;3.90834193667277;8
4.38931816266391;5.71651270621652;4.3747688575347;5.69745292256857;6
4.48194797757854;5.28060013310639;4.49835191308693;5.29717778858404;4
3.67553050463121;4.6257242225209;3.68518412913575;4.65741099545948;2
