mean;sigma;w_mean;w_sigma;beacon
1.51829951187918;1.79896173081929;1.51798812133463;1.79381323482811;10
1.674442411653;2.06842862156672;1.66731607757707;2.06462578750384;8
2.87241168037729;3.95866517155524;2.88553422449338;3.96459475863366;6
3.23385014573504;3.88314991248282;3.23371860607602;3.88417394134411;4
2.95475133040503;3.60382536514617;2.9776199869669;3.6324187521132;2
