mean;sigma;w_mean;w_sigma
2.46643585577381;2.82595359557314;2.59711131257073;3.00893700822221
