scenario;mean;sigma;w_mean;w_sigma
1;2.23447420448323;2.73591603602742;2.07723481161493;2.54994495598533
2;2.16084819435678;2.52745675041099;2.16369270849618;2.53341116065651
3;3.00398516848144;3.64405988992241;3.55040641760109;4.22636902537313
