mean;sigma
7.18616309558791;8.69647371083236
