scenario;mean;sigma
1;3.63177873092707;4.23661462463628
2;7.11376906134316;8.04998267108638
3;10.8129414944935;13.2055405996272
